City_ID,City,Country,Lat,Lng,Max Temp,Humidity,Cloudiness,Wind Speed,Current Description
0,Portmore,JM,17.9702,-76.8672,84.16,78,20,14.97,few clouds
1,Hermanus,ZA,-34.4187,19.2345,50.43,81,0,6.49,clear sky
2,Vaini,TO,-21.2,-175.2,73.56,83,75,12.66,broken clouds
3,Channel-Port Aux Basques,CA,47.5702,-59.1367,56.37,76,2,13.15,clear sky
4,Bengkulu,ID,-3.8004,102.2655,84.4,68,84,7.07,light rain
5,Christchurch,NZ,-43.5333,172.6333,51.91,66,70,1.14,broken clouds
6,Mar Del Plata,AR,-38.0023,-57.5575,40.08,100,0,3.44,clear sky
7,Rikitea,PF,-23.1203,-134.9692,75.29,71,4,9.64,clear sky
8,Houma,US,29.5958,-90.7195,80.6,91,0,0.0,clear sky
9,Shirokiy,RU,49.758,129.523,83.14,68,68,7.16,broken clouds
10,Punta Arenas,CL,-53.15,-70.9167,24.91,93,0,5.75,clear sky
11,Deputatskiy,RU,69.3,139.9,70.84,38,54,23.8,broken clouds
12,Taltal,CL,-25.4,-70.4833,59.36,63,32,4.16,scattered clouds
13,Winchester,GB,51.0651,-1.3187,52.43,96,1,3.44,clear sky
14,Oistins,BB,13.0667,-59.5333,80.69,78,40,18.41,scattered clouds
15,Saint-Pierre,RE,-21.3393,55.4781,68.92,67,0,6.91,clear sky
16,Belyy Yar,RU,53.6039,91.3903,78.69,38,0,11.18,clear sky
17,Arkhangelsk,RU,64.5401,40.5433,71.71,78,20,0.0,light rain
18,Kibaya,TZ,-5.3,36.5667,54.48,81,6,3.58,clear sky
19,Poum,NC,-20.2333,164.0167,77.36,84,80,24.38,broken clouds
20,Mount Gambier,AU,-37.8333,140.7667,59.5,53,23,7.54,few clouds
21,Esperance,AU,-33.8667,121.9,66.22,33,0,19.82,clear sky
22,Chukhloma,RU,58.7525,42.6825,67.77,54,62,3.94,broken clouds
23,Vila Velha,BR,-20.3297,-40.2925,69.75,96,75,2.3,broken clouds
24,Hilo,US,19.7297,-155.09,78.53,74,0,0.0,clear sky
25,Cidreira,BR,-30.1811,-50.2056,64.27,90,12,3.83,few clouds
26,Aragarcas,BR,-15.8975,-52.2508,61.03,45,1,2.04,clear sky
27,Carnarvon,AU,-24.8667,113.6333,70.97,25,26,6.13,scattered clouds
28,Provost,CA,52.3501,-110.2683,59.45,83,88,5.39,overcast clouds
29,Port Hardy,CA,50.6996,-127.4199,53.78,100,75,2.3,broken clouds
30,Hobart,AU,-42.8794,147.3294,58.05,68,20,8.05,few clouds
31,Pirogovo,RU,56.7796,53.1495,59.65,64,100,6.44,overcast clouds
32,Saint-Philippe,RE,-21.3585,55.7679,68.22,78,51,13.56,broken clouds
33,San Patricio,US,28.017,-97.5169,84.88,78,3,14.34,clear sky
34,Ushuaia,AR,-54.8,-68.3,31.66,80,0,11.5,clear sky
35,Port Alfred,ZA,-33.5906,26.891,56.17,94,81,2.98,broken clouds
36,Lorengau,PG,-2.0226,147.2712,84.99,68,56,5.79,broken clouds
37,Chicama,PE,-7.8447,-79.1469,59.54,87,28,5.5,scattered clouds
38,Khatanga,RU,71.9667,102.5,53.92,45,100,0.76,overcast clouds
39,Geraldton,AU,-28.7667,114.6,70.21,35,100,11.5,overcast clouds
40,Ponta Do Sol,PT,32.6667,-17.1,68.0,71,45,5.73,scattered clouds
41,Temple,US,31.0982,-97.3428,88.75,57,0,12.66,clear sky
42,Inverell,AU,-29.7833,151.1167,55.67,95,100,2.89,overcast clouds
43,Imeni Zhelyabova,RU,58.9544,36.5956,69.89,74,74,4.14,broken clouds
44,Cherepovets,RU,59.1333,37.9,71.42,83,20,4.47,few clouds
45,Assiniboia,CA,49.6334,-105.9845,57.02,94,84,16.11,broken clouds
46,Upernavik,GL,72.7868,-56.1549,37.22,91,1,11.39,clear sky
47,Qaanaaq,GL,77.484,-69.3632,40.57,67,9,3.18,clear sky
48,Jamestown,US,42.097,-79.2353,71.24,73,0,5.75,clear sky
49,Aklavik,CA,68.2191,-135.0107,67.05,75,62,11.41,moderate rain
50,Haverfordwest,GB,51.8017,-4.9691,57.54,91,26,8.5,scattered clouds
51,New Norfolk,AU,-42.7826,147.0587,57.7,79,55,0.31,broken clouds
52,Iqaluit,CA,63.7506,-68.5145,47.93,70,100,5.75,light rain
53,Lebu,CL,-37.6167,-73.65,50.04,90,100,21.21,light rain
54,Albany,US,42.6001,-73.9662,64.81,75,91,2.64,overcast clouds
55,Iquique,CL,-20.2208,-70.1431,59.04,79,100,0.78,overcast clouds
56,Kailua,US,21.4022,-157.7394,82.38,74,20,14.97,few clouds
57,Nezhinka,RU,51.7676,55.3694,55.2,87,75,15.99,light intensity shower rain
58,Isla Vista,US,34.4133,-119.861,68.61,75,0,5.01,clear sky
59,Lompoc,US,34.6391,-120.4579,63.01,87,100,18.01,overcast clouds
60,Severo-Kurilsk,RU,50.6789,156.125,55.56,72,79,13.69,broken clouds
61,Sambava,MG,-14.2667,50.1667,70.63,84,84,16.8,moderate rain
62,Mataura,NZ,-46.1927,168.8643,52.48,68,45,10.51,scattered clouds
63,Kununurra,AU,-15.7667,128.7333,71.58,24,9,14.97,clear sky
64,Margate,GB,51.3813,1.3862,59.31,68,42,3.0,scattered clouds
65,Aguie,NE,13.506,7.7786,81.28,54,90,10.33,overcast clouds
66,Warrnambool,AU,-38.3833,142.4833,58.8,62,32,13.53,scattered clouds
67,Busselton,AU,-33.65,115.3333,59.97,60,92,11.74,overcast clouds
68,Sitka,US,57.0531,-135.33,64.29,72,0,9.22,clear sky
69,Puerto Ayora,EC,-0.7393,-90.3518,71.55,89,63,7.0,broken clouds
70,Srednekolymsk,RU,67.45,153.6833,79.3,36,100,10.94,overcast clouds
71,Upata,VE,8.0086,-62.3989,74.19,98,18,3.04,few clouds
72,Chuy,UY,-33.6971,-53.4616,53.98,98,77,6.33,broken clouds
73,Castro,BR,-24.7911,-50.0119,54.54,74,100,3.15,overcast clouds
74,Sekoma,BW,-24.4,23.8833,52.39,51,0,9.75,clear sky
75,Dapdap,PH,12.062,125.4881,84.97,67,87,7.47,overcast clouds
76,Jojoima,SL,7.8792,-10.7878,69.64,98,100,0.13,overcast clouds
77,Kruisfontein,ZA,-34.0033,24.7314,50.83,67,46,4.09,scattered clouds
78,Ahipara,NZ,-35.1667,173.1667,59.88,96,100,13.76,light rain
79,Bluff,NZ,-46.6,168.3333,52.81,80,81,35.3,broken clouds
80,Caravelas,BR,-17.7125,-39.2481,68.68,90,0,3.06,clear sky
81,Porto Novo,BJ,6.4965,2.6036,76.82,92,100,6.44,light rain
82,Buala,SB,-8.145,159.5921,84.43,71,91,10.09,overcast clouds
83,Kargasok,RU,59.0556,80.8572,69.39,56,98,12.17,overcast clouds
84,Havre-Saint-Pierre,CA,50.2334,-63.5986,52.16,71,0,9.22,clear sky
85,Banda Aceh,ID,5.5577,95.3222,86.85,61,100,6.08,light rain
86,Yanam,IN,16.7333,82.2167,79.99,85,100,7.14,moderate rain
87,Manjakandriana,MG,-18.9167,47.8,55.09,97,100,7.67,overcast clouds
88,San Quintin,MX,30.4833,-115.95,63.64,82,24,12.41,few clouds
89,Bethel,US,41.3712,-73.414,70.63,76,0,0.0,clear sky
90,Magadan,RU,59.5667,150.8,56.97,72,54,10.11,broken clouds
91,Narsaq,GL,60.9167,-46.05,46.62,91,93,4.21,overcast clouds
92,Marsh Harbour,BS,26.5412,-77.0636,81.37,76,5,11.34,clear sky
93,Saskylakh,RU,71.9167,114.0833,57.27,41,74,4.23,broken clouds
94,Tanout,NE,14.9709,8.8879,82.22,47,65,11.99,broken clouds
95,Anadyr,RU,64.75,177.4833,46.9,93,75,11.18,broken clouds
96,Kangaatsiaq,GL,68.3065,-53.4641,39.76,93,99,21.61,overcast clouds
97,Tiksi,RU,71.6872,128.8694,40.46,84,100,23.64,overcast clouds
98,Paysandu,UY,-32.3214,-58.0756,47.61,98,14,7.54,few clouds
99,Mersing,MY,2.4312,103.8405,87.71,74,40,4.61,scattered clouds
100,Atuona,PF,-9.8,-139.0333,77.79,76,7,24.58,clear sky
101,Livadiya,RU,42.8692,132.6764,71.49,77,71,11.99,broken clouds
102,Mbandaka,CD,0.0487,18.2603,69.93,88,69,3.27,broken clouds
103,Cape Town,ZA,-33.9258,18.4232,55.9,80,0,8.99,clear sky
104,Dicabisagan,PH,17.0818,122.4157,85.73,71,89,6.67,overcast clouds
105,Quatre Cocos,MU,-20.2078,57.7625,73.09,73,95,16.96,light rain
106,Georgetown,MY,5.4112,100.3354,87.73,75,20,3.44,few clouds
107,Paamiut,GL,61.994,-49.6678,41.29,93,100,7.47,overcast clouds
108,Arraial Do Cabo,BR,-22.9661,-42.0278,69.78,92,0,22.5,clear sky
109,Tuktoyaktuk,CA,69.4541,-133.0374,54.05,72,45,7.67,scattered clouds
110,Avarua,CK,-21.2078,-159.775,73.45,83,75,2.3,broken clouds
111,Freeport,US,40.6576,-73.5832,76.37,63,0,10.36,clear sky
112,Vila Franca Do Campo,PT,37.7167,-25.4333,67.19,81,93,4.99,overcast clouds
113,Meulaboh,ID,4.1363,96.1285,79.41,74,100,3.83,overcast clouds
114,Marsa Matruh,EG,31.3525,27.2453,70.0,83,0,3.44,clear sky
115,Litovko,RU,49.2361,135.1742,79.52,72,87,4.47,overcast clouds
116,Ucluelet,CA,48.9329,-125.5528,56.08,93,100,2.04,overcast clouds
117,Bafoulabe,ML,13.8065,-10.8321,78.06,85,100,3.58,overcast clouds
118,Lauria,IT,40.0465,15.8358,73.2,69,0,1.28,clear sky
119,Lagoa,PT,39.05,-27.9833,63.37,73,100,10.65,overcast clouds
120,Colac,AU,-38.3333,143.5833,55.17,57,6,9.55,clear sky
121,Goderich,CA,43.7501,-81.7165,75.52,60,100,5.75,overcast clouds
122,Belmonte,BR,-15.8631,-38.8828,70.59,86,10,7.67,clear sky
123,Flin Flon,CA,54.7682,-101.865,53.92,61,70,5.97,broken clouds
124,Metro,ID,-5.1131,105.3067,88.5,60,35,3.78,scattered clouds
125,Yellowknife,CA,62.456,-114.3525,64.92,42,20,4.61,few clouds
126,La Ronge,CA,55.1001,-105.2842,62.85,55,20,5.75,few clouds
127,Aiken,US,33.5835,-81.5998,78.12,98,0,0.0,clear sky
128,Basco,PH,20.4487,121.9702,84.09,76,100,11.54,overcast clouds
129,Nortelandia,BR,-14.4547,-56.8028,68.23,48,79,4.74,broken clouds
130,Yar-Sale,RU,66.8333,70.8333,49.06,84,100,15.37,overcast clouds
131,Cherskiy,RU,68.75,161.3,72.01,37,100,15.17,overcast clouds
132,Victoria,HK,22.2855,114.1577,87.19,79,100,17.0,moderate rain
133,Acajutla,SV,13.5928,-89.8275,79.12,85,100,9.51,moderate rain
134,Portland,US,45.5234,-122.6762,71.58,62,17,1.01,few clouds
135,Faanui,PF,-16.4833,-151.75,79.48,74,52,11.41,light rain
136,Daru,PG,-9.0763,143.2092,80.53,83,74,10.07,broken clouds
137,Azul,AR,-36.777,-59.8585,38.34,51,0,6.67,clear sky
138,Souillac,MU,-20.5167,57.5167,70.18,73,75,11.5,light rain
139,Campoverde,PE,-8.4753,-74.8058,76.69,68,46,1.21,scattered clouds
140,Laguna,US,38.421,-121.4238,78.78,62,75,11.5,broken clouds
141,Kodiak,US,57.79,-152.4072,60.31,77,100,3.44,overcast clouds
142,Katsuura,JP,35.1333,140.3,76.23,85,100,19.98,moderate rain
143,Ribeira Grande,PT,38.5167,-28.7,64.85,69,99,11.1,overcast clouds
144,Katsina,NG,12.9894,7.6006,77.94,61,91,11.48,overcast clouds
145,Grand Gaube,MU,-20.0064,57.6608,73.38,67,82,7.0,broken clouds
146,Alofi,NU,-19.0595,-169.9187,75.09,78,99,17.27,overcast clouds
147,Komsomolskiy,UZ,40.4272,71.7189,83.12,14,0,18.41,clear sky
148,Tuatapere,NZ,-46.1333,167.6833,49.57,77,64,13.4,broken clouds
149,Broken Hill,AU,-31.95,141.4333,55.45,46,0,14.34,clear sky
150,Trinidad,BO,-14.8333,-64.9,75.25,61,100,3.38,overcast clouds
151,Yerbogachen,RU,61.2767,108.0108,69.4,53,100,5.5,overcast clouds
152,Pevek,RU,69.7008,170.3133,47.59,68,15,2.75,few clouds
153,Husavik,IS,66.0449,-17.3389,43.21,89,97,8.48,overcast clouds
154,Atar,MR,20.5169,-13.0499,88.59,22,3,7.72,clear sky
155,Qiqihar,CN,47.3408,123.9672,88.34,52,92,8.84,overcast clouds
156,Dikson,RU,73.5069,80.5464,35.46,98,100,2.1,overcast clouds
157,Kaitangata,NZ,-46.2817,169.8464,51.3,63,18,15.5,few clouds
158,Challans,FR,46.8436,-1.8749,52.72,94,3,9.62,clear sky
159,Walvis Bay,NA,-22.9575,14.5053,54.09,93,100,9.22,overcast clouds
160,Ancud,CL,-41.8697,-73.8203,43.23,76,83,21.85,light rain
161,Vestmannaeyjar,IS,63.4427,-20.2734,48.9,81,69,4.7,broken clouds
162,Tura,IN,25.5198,90.2201,88.7,64,98,2.33,overcast clouds
163,Lasa,IT,46.6166,10.7002,63.48,87,87,4.74,overcast clouds
164,Flinders,AU,-34.5833,150.8552,57.18,89,100,5.01,light rain
165,Plymouth,US,41.8334,-70.8328,69.66,69,0,4.61,clear sky
166,Sao Filipe,CV,14.8961,-24.4956,73.38,81,15,7.36,few clouds
167,Cerete,CO,8.8848,-75.7905,76.98,100,40,3.44,scattered clouds
168,Sisimiut,GL,66.9395,-53.6735,44.1,95,100,3.4,light rain
169,Leningradskiy,RU,69.3833,178.4167,50.29,65,33,7.83,scattered clouds
170,Jumla,NP,29.2747,82.1838,80.17,56,37,5.95,scattered clouds
171,Bredasdorp,ZA,-34.5322,20.0403,46.44,91,0,2.33,clear sky
172,Westport,US,41.1415,-73.3579,73.22,77,0,4.61,clear sky
173,Te Anau,NZ,-45.4167,167.7167,46.18,78,71,6.89,broken clouds
174,Karratha,AU,-20.7377,116.8463,70.43,24,11,18.84,few clouds
175,Bac Lieu,VN,9.285,105.7244,87.96,64,71,11.79,broken clouds
176,Uzhur,RU,55.3036,89.8339,72.63,49,10,10.09,clear sky
177,Fairbanks,US,64.8378,-147.7164,83.01,47,0,8.05,smoke
178,Astana,KZ,51.1801,71.446,60.75,77,75,13.42,broken clouds
179,Jensen Beach,US,27.2545,-80.2298,84.02,87,3,1.99,clear sky
180,Talnakh,RU,69.4865,88.3972,60.21,39,0,13.78,clear sky
181,Ocara,BR,-4.4908,-38.5967,70.03,97,38,2.93,scattered clouds
182,Nashua,US,42.7654,-71.4676,68.45,77,0,3.44,clear sky
183,Bambous Virieux,MU,-20.3428,57.7575,72.21,73,75,11.5,light rain
184,Opelousas,US,30.5335,-92.0815,82.29,89,0,4.61,clear sky
185,Broome,US,42.2506,-75.833,70.61,78,75,3.44,broken clouds
186,Cabedelo,BR,-6.9811,-34.8339,75.87,81,36,16.6,scattered clouds
187,Talcahuano,CL,-36.7167,-73.1167,51.48,76,100,8.05,moderate rain
188,Kapuskasing,CA,49.4169,-82.4331,64.49,72,100,2.3,overcast clouds
189,Gambela,ET,8.25,34.5833,72.54,80,91,2.73,overcast clouds
190,Aripuana,BR,-9.1667,-60.6333,75.2,58,55,1.92,broken clouds
191,Airai,TL,-8.9266,125.4092,63.84,78,99,3.31,overcast clouds
192,Torbay,CA,47.6666,-52.7314,55.58,78,0,18.41,clear sky
193,Kankon,IN,15.0167,74.0167,76.8,88,100,21.16,moderate rain
194,Belle Fourche,US,44.6714,-103.8522,76.5,74,1,7.05,clear sky
195,Kamenka,RU,51.3223,42.7678,65.8,61,9,6.38,clear sky
196,Codrington,AU,-38.2667,141.9667,57.61,64,53,12.24,broken clouds
197,Hambantota,LK,6.1241,81.1185,86.34,70,40,12.66,scattered clouds
198,Korla,CN,41.7597,86.1469,97.47,14,0,6.62,clear sky
199,Butaritari,KI,3.0707,172.7902,82.51,76,16,21.72,light rain
200,San Cristobal,VE,7.7669,-72.225,68.18,90,56,3.24,broken clouds
201,Necochea,AR,-38.5473,-58.7368,41.88,49,0,7.43,clear sky
202,Hithadhoo,MV,-0.6,73.0833,82.24,71,73,3.56,broken clouds
203,Port Elizabeth,ZA,-33.918,25.5701,55.31,98,20,4.61,few clouds
204,Chokurdakh,RU,70.6333,147.9167,81.57,26,94,22.95,overcast clouds
205,Banyo,CM,6.75,11.8167,63.28,97,99,1.25,overcast clouds
206,Tocache,PE,-8.1842,-76.5125,67.59,92,16,0.89,few clouds
207,Vazhiny,RU,60.9644,34.0222,71.53,61,67,4.05,broken clouds
208,Egvekinot,RU,66.3167,-179.1667,44.2,81,96,4.41,overcast clouds
209,Urucara,BR,-2.5364,-57.76,74.25,92,54,2.46,broken clouds
210,Darhan,MN,49.4867,105.9228,59.56,76,100,7.61,heavy intensity rain
211,Siocon,PH,7.7061,122.1353,83.88,76,100,2.86,overcast clouds
212,Hervey Bay,AU,-25.2986,152.8535,59.02,96,100,4.0,light rain
213,Moroni,KM,-11.7022,43.2551,69.8,83,20,5.75,few clouds
214,Nikolskoye,RU,59.7035,30.7861,64.87,97,98,3.04,overcast clouds
215,Asau,RO,46.4333,26.4,70.72,60,4,1.12,clear sky
216,Dunedin,NZ,-45.8742,170.5036,52.81,55,4,3.0,clear sky
217,Hasaki,JP,35.7333,140.8333,86.4,74,100,22.21,overcast clouds
218,Ugoofaaru,MV,5.6667,73.0,83.21,78,100,15.08,overcast clouds
219,Najran,SA,17.4924,44.1277,86.65,17,3,19.1,clear sky
220,Chiredzi,ZW,-21.05,31.6667,56.95,85,0,2.57,clear sky
221,Augusto Correa,BR,-1.0217,-46.635,71.1,96,4,2.46,clear sky
222,La Macarena,CO,2.1837,-73.7849,70.25,99,81,1.03,broken clouds
223,Mahebourg,MU,-20.4081,57.7,73.26,73,75,11.5,broken clouds
224,Suntar,RU,62.1444,117.6319,59.68,96,100,5.03,light rain
225,Hoquiam,US,46.9809,-123.8893,57.99,87,79,3.69,broken clouds
226,Porto Santo,PT,33.072,-16.3415,66.58,72,75,11.5,broken clouds
227,Ostrovnoy,RU,68.0531,39.5131,53.85,88,90,6.42,overcast clouds
228,Cassilandia,BR,-19.1133,-51.7342,62.26,45,64,2.57,broken clouds
229,Bilma,NE,18.6853,12.9164,83.61,39,0,8.55,clear sky
230,Nong Bua,TH,15.8646,100.5858,92.55,53,94,7.47,light rain
231,Bondo,CD,3.8146,23.6866,67.68,98,98,2.1,light rain
232,Svetlyy,RU,54.675,20.1347,60.85,79,9,9.35,clear sky
233,Olga,RU,43.7444,135.2892,71.01,71,82,7.23,broken clouds
234,Port Macquarie,AU,-31.4333,152.9167,58.89,84,100,1.57,light rain
235,Kedrovyy,RU,56.1667,91.8167,72.01,42,1,8.16,clear sky
236,Atlantic Beach,US,30.3344,-81.3987,82.42,86,0,6.91,clear sky
237,Hit,IQ,33.6416,42.8251,93.69,15,0,21.16,clear sky
238,Barrow,US,71.2906,-156.7887,37.42,93,100,9.22,mist
239,Ulaanbaatar,MN,47.9077,106.8832,66.33,48,40,6.71,scattered clouds
240,Solginskiy,RU,61.05,41.3428,73.0,55,0,6.49,clear sky
241,Palmer,US,42.1584,-72.3287,67.37,73,0,0.0,clear sky
242,Celestun,MX,20.8667,-90.4,79.75,82,80,12.8,broken clouds
243,Akdepe,TM,42.0551,59.3788,75.29,30,0,8.28,clear sky
244,Dom Pedrito,BR,-30.9828,-54.6731,61.32,99,90,5.5,overcast clouds
245,Peniche,PT,39.3558,-9.3811,64.29,94,14,4.32,few clouds
246,Oltedal,NO,58.831,6.0466,53.58,94,100,7.16,overcast clouds
247,Cabo San Lucas,MX,22.8909,-109.9124,86.61,64,2,12.93,clear sky
248,Pisco,PE,-13.7,-76.2167,60.85,82,75,3.44,mist
249,Katangli,RU,51.7102,143.2326,65.66,61,24,11.95,few clouds
250,Nanakuli,US,21.3906,-158.1547,82.35,61,0,10.36,clear sky
251,Tasiilaq,GL,65.6145,-37.6368,41.16,82,87,5.48,overcast clouds
252,Dudinka,RU,69.4058,86.1778,60.62,37,1,9.91,clear sky
253,Mehamn,NO,71.0357,27.8492,51.75,93,40,0.0,scattered clouds
254,Lavrentiya,RU,65.5833,-171.0,48.83,81,97,8.25,overcast clouds
255,Hailar,CN,49.2,119.7,88.21,38,21,11.79,few clouds
256,Nyrob,RU,60.733,56.7202,64.99,48,89,5.73,overcast clouds
257,Kraskino,RU,42.7114,130.7794,67.89,87,100,7.9,overcast clouds
258,Henties Bay,NA,-22.116,14.2845,54.34,86,0,8.97,clear sky
259,East London,ZA,-33.0153,27.9116,58.14,94,0,2.3,clear sky
260,Alenquer,BR,-1.9417,-54.7383,73.45,92,59,3.15,broken clouds
261,Tabou,CI,4.423,-7.3528,75.65,81,98,7.67,overcast clouds
262,Verkh-Chebula,RU,56.0308,87.6218,73.18,57,35,10.0,scattered clouds
263,Dingle,PH,10.9995,122.6711,82.67,79,85,7.4,overcast clouds
264,Thinadhoo,MV,0.5333,72.9333,82.09,73,27,2.71,scattered clouds
265,Zahesi,GE,41.8246,44.7536,71.31,55,98,3.09,overcast clouds
266,Port-Gentil,GA,-0.7193,8.7815,73.04,79,37,14.76,scattered clouds
267,Goranboy,AZ,40.6103,46.7897,73.69,37,23,5.64,few clouds
268,Otradnoye,RU,59.7775,30.8181,64.45,97,97,3.09,overcast clouds
269,Khani,GE,41.9563,42.9566,62.17,56,2,2.93,clear sky
270,Mahibadhoo,MV,3.7833,72.9667,83.23,76,100,11.48,overcast clouds
271,Nador,MA,35.174,-2.9287,79.05,57,0,12.66,light rain
272,Baykit,RU,61.67,96.37,66.06,50,41,6.29,scattered clouds
273,Sao Joao Da Barra,BR,-21.6403,-41.0511,68.45,90,0,12.08,clear sky
274,Mount Barker,AU,-35.0667,138.8667,59.92,99,23,5.32,few clouds
275,Ilulissat,GL,69.2167,-51.1,46.42,66,36,0.0,scattered clouds
276,Mossendjo,CG,-2.9506,12.7261,60.8,100,33,1.9,scattered clouds
277,Catuday,PH,16.2923,119.8062,83.79,72,82,8.12,broken clouds
278,Tahoua,NE,14.8888,5.2692,82.8,58,76,13.96,broken clouds
279,Kabare,CD,-2.4683,28.8242,58.98,70,41,2.17,scattered clouds
280,Thompson,CA,55.7435,-97.8558,53.76,71,20,2.3,few clouds
281,Oranjestad,AW,12.524,-70.027,80.55,83,75,17.27,broken clouds
282,Pangody,RU,65.85,74.4859,56.48,48,100,10.78,overcast clouds
283,Qinhuangdao,CN,39.9317,119.5883,82.15,77,56,9.71,broken clouds
284,Taiyuan,CN,37.8694,112.5603,82.26,47,0,15.66,clear sky
285,Deer Lake,CA,49.1667,-57.4316,49.86,81,20,6.91,few clouds
286,Lata,PT,40.1629,-8.3327,63.81,94,0,1.1,clear sky
287,Ensley,US,30.5188,-87.2728,79.88,98,0,0.0,mist
288,Waingapu,ID,-9.6567,120.2641,82.62,60,67,16.26,broken clouds
289,Omboue,GA,-1.5746,9.2618,70.68,83,38,6.22,scattered clouds
290,Santa Cruz Cabralia,BR,-16.2781,-39.0247,75.43,73,40,8.05,scattered clouds
291,Sabha,LY,27.0377,14.4283,77.27,42,0,9.82,clear sky
292,Tual,ID,-5.6667,132.75,79.57,76,96,19.89,overcast clouds
293,Atocha,BO,-20.9333,-66.2333,39.67,26,89,5.1,overcast clouds
294,Kapaa,US,22.0752,-159.319,82.38,76,75,19.57,broken clouds
295,Awjilah,LY,29.1081,21.2869,78.19,41,0,7.45,clear sky
296,Tahta,EG,26.7693,31.5021,88.54,23,0,4.16,clear sky
297,Rayong,TH,12.8333,101.4333,88.48,89,100,10.2,overcast clouds
298,Lahaina,US,20.8783,-156.6825,78.8,90,84,12.37,broken clouds
299,Padang,ID,-0.9492,100.3543,87.85,57,95,4.83,overcast clouds
300,Las Palmas,ES,28.4204,-14.0131,66.99,73,0,13.8,clear sky
301,Kibre Mengist,ET,5.8833,38.9833,58.12,83,26,2.35,scattered clouds
302,Touros,BR,-5.1989,-35.4608,73.31,93,43,12.48,light rain
303,Vagur,FO,61.4732,-6.8119,48.87,80,49,15.73,scattered clouds
304,Fort Nelson,CA,58.8053,-122.7002,65.79,68,40,2.3,scattered clouds
305,Da Lat,VN,11.9465,108.4419,72.05,76,77,4.99,broken clouds
306,College,US,64.8569,-147.8028,82.58,48,75,8.05,smoke
307,Bulawayo,ZW,-20.15,28.5833,49.57,79,0,4.85,clear sky
308,Boke,GN,10.9409,-14.2967,72.64,98,95,3.02,overcast clouds
309,Tocuila,MX,18.95,-97.0167,63.14,93,98,3.65,overcast clouds
310,Quepos,CR,9.4236,-84.1652,76.75,90,100,1.59,overcast clouds
311,Alamogordo,US,32.8995,-105.9603,73.56,82,0,14.97,clear sky
312,Kamyshla,RU,54.1169,52.1426,55.72,68,99,11.5,overcast clouds
313,Malanville,BJ,11.8685,3.3899,77.34,74,77,8.32,broken clouds
314,Provideniya,RU,64.3833,-173.3,48.36,87,100,8.99,overcast clouds
315,Spassk-Dalniy,RU,44.5978,132.8211,81.52,71,99,8.05,overcast clouds
316,Vallenar,CL,-28.5708,-70.7581,56.95,37,70,2.68,broken clouds
317,Anshun,CN,26.25,105.9333,82.13,61,20,2.01,few clouds
318,Hobyo,SO,5.3505,48.5268,78.64,72,9,26.91,clear sky
319,Guerrero Negro,MX,27.9769,-114.0611,65.14,82,1,18.23,clear sky
320,Buctzotz,MX,21.2,-88.7833,77.7,83,16,5.19,few clouds
321,Voyvozh,RU,62.892,54.9635,70.07,36,45,4.7,scattered clouds
322,Abu Samrah,SY,35.3029,37.1841,79.02,39,0,9.78,clear sky
323,Wilmington Island,US,32.0036,-80.9737,83.98,65,0,3.44,clear sky
324,Vieques,PR,18.425,-65.8329,82.44,83,40,8.05,scattered clouds
325,Pathein,MM,16.7833,94.7333,84.18,75,100,8.34,overcast clouds
326,Fukue,JP,32.6881,128.8419,82.76,83,75,6.91,broken clouds
327,Saldanha,ZA,-33.0117,17.9442,39.25,80,0,10.09,clear sky
328,Axim,GH,4.8699,-2.2405,74.41,90,92,5.14,moderate rain
329,Lewiston,US,44.1003,-70.2148,61.45,82,0,1.01,clear sky
330,Onega,RU,63.9061,38.1404,71.98,62,57,3.15,broken clouds
331,Liberal,US,37.0431,-100.921,84.34,45,0,11.5,clear sky
332,Wanning,CN,18.8003,110.3967,90.1,65,97,9.62,overcast clouds
333,Talara,PE,-4.5772,-81.2719,63.72,83,68,14.38,broken clouds
334,Khovu-Aksy,RU,51.1333,93.6,72.25,27,77,4.74,broken clouds
335,Srandakan,ID,-7.9386,110.2506,86.27,68,59,8.19,broken clouds
336,Tawang,IN,27.5833,91.8667,73.49,60,34,6.93,scattered clouds
337,Khasan,RU,42.4308,130.6434,66.2,92,100,8.01,overcast clouds
338,Constitucion,CL,-35.3333,-72.4167,47.7,85,38,1.16,scattered clouds
339,Jiayuguan,CN,39.8167,98.3,86.7,11,0,2.93,clear sky
340,Luderitz,NA,-26.6481,15.1594,51.96,81,0,7.27,clear sky
341,Khorinsk,RU,52.1657,109.7726,77.2,33,14,11.65,few clouds
342,Zaysan,KZ,47.4667,84.8667,66.2,79,100,8.48,moderate rain
343,Ambalavao,MG,-21.8333,46.9333,57.83,85,39,4.07,scattered clouds
344,Den Helder,NL,52.9599,4.7593,60.98,73,20,11.99,few clouds
345,Arman,RU,59.7,150.1667,58.78,68,53,5.99,broken clouds
346,Naze,JP,28.3667,129.4833,83.32,79,29,12.57,scattered clouds
347,Gainesville,US,29.6516,-82.3248,77.68,87,100,4.61,overcast clouds
348,Namwala,ZM,-15.7504,26.4384,52.61,76,4,4.81,clear sky
349,Fortuna,US,40.5982,-124.1573,62.94,88,100,1.48,overcast clouds
350,Fort Saint James,CA,54.4333,-124.25,61.56,58,60,6.82,broken clouds
351,Alegrete,BR,-29.7831,-55.7919,63.88,97,75,6.98,broken clouds
352,Lima,PE,-12.0432,-77.0282,59.25,86,100,8.05,overcast clouds
353,Finnsnes,NO,69.2296,17.9811,65.75,60,91,5.93,overcast clouds
354,Nanortalik,GL,60.1432,-45.2371,44.06,90,83,4.68,broken clouds
355,Sahuaripa,MX,29.05,-109.2333,83.53,57,1,4.88,clear sky
356,Petrovsk-Zabaykalskiy,RU,51.273,108.843,70.99,46,26,9.26,scattered clouds
357,Coquimbo,CL,-29.9533,-71.3436,49.73,66,0,4.61,clear sky
358,Nunoa,PE,-14.48,-70.6411,40.53,56,100,3.89,overcast clouds
359,Sakaiminato,JP,35.55,133.2333,91.33,66,20,12.66,few clouds
360,Williston,US,48.147,-103.618,69.31,90,28,7.47,scattered clouds
361,Oranjemund,NA,-28.55,16.4333,52.41,86,0,2.71,clear sky
362,Khorixas,NA,-20.3667,14.9667,54.36,63,0,4.47,clear sky
363,Calituban,PH,10.24,124.2919,80.69,67,78,2.44,broken clouds
364,Jatiroto,ID,-7.8833,111.1167,86.14,66,69,1.45,broken clouds
365,Pacific Grove,US,36.6177,-121.9166,64.51,90,100,4.61,mist
366,Calama,CL,-22.4667,-68.9333,46.89,7,75,18.41,broken clouds
367,Yulara,AU,-25.2406,130.9889,60.22,21,0,10.65,clear sky
368,Gazli,UZ,40.1333,63.45,80.91,27,0,5.55,clear sky
369,Nelson Bay,AU,-32.7167,152.15,63.0,99,100,17.0,light rain
370,Sao Jose Da Coroa Grande,BR,-8.8978,-35.1478,73.92,85,27,11.59,scattered clouds
371,Seoul,KR,37.5683,126.9778,92.59,66,75,10.36,haze
372,Geilo,NO,60.5333,8.2076,46.4,84,22,7.0,few clouds
373,Umm Kaddadah,SD,13.6017,26.6876,79.09,58,74,12.35,broken clouds
374,Nabire,ID,-3.3667,135.4833,84.88,71,100,4.34,overcast clouds
375,Coffeyville,US,37.0373,-95.6164,86.02,62,0,4.61,clear sky
376,Yuanping,CN,38.7153,112.7575,85.5,45,79,9.71,broken clouds
377,Chimoio,MZ,-19.1164,33.4833,54.61,92,0,2.44,clear sky
378,Aleksandrov Gay,RU,50.147,48.5704,64.71,60,1,17.45,clear sky
379,Tezu,IN,27.9167,96.1667,93.72,58,22,3.53,few clouds
380,Giddalur,IN,15.35,78.9167,85.62,62,100,16.04,overcast clouds
381,Aswan,EG,24.0934,32.907,85.3,21,0,8.05,clear sky
382,Totoral,PE,-17.4053,-70.365,58.66,36,87,0.51,overcast clouds
383,Noumea,NC,-22.2763,166.4572,84.18,99,97,7.49,overcast clouds
384,Kavieng,PG,-2.5744,150.7967,84.34,74,94,13.29,light rain
385,Beringovskiy,RU,63.05,179.3167,44.73,97,100,2.93,overcast clouds
386,Rongcheng,CN,30.634,117.8517,87.78,77,91,2.86,overcast clouds
387,Olinda,BR,-8.0089,-34.8553,76.73,78,40,9.22,scattered clouds
388,San Lorenzo,PY,-25.3333,-57.5333,76.59,57,0,11.99,clear sky
389,Mayumba,GA,-3.432,10.6554,67.98,93,14,6.24,few clouds
390,Chingirlau,KZ,51.095,54.0814,54.88,92,100,18.23,moderate rain
391,Kefamenanu,ID,-9.4467,124.4781,76.78,63,96,10.0,overcast clouds
392,Vardo,NO,70.3705,31.1107,48.18,100,100,10.36,overcast clouds
393,Kalmunai,LK,7.4167,81.8167,91.02,48,100,14.05,overcast clouds
394,Magomeni,TZ,-6.8,39.25,70.18,94,75,6.91,broken clouds
395,Verkhoyansk,RU,67.5447,133.385,82.09,25,97,16.11,overcast clouds
396,Manggar,ID,-2.8833,108.2667,86.36,67,89,8.37,overcast clouds
397,Shache,CN,38.4167,77.2406,96.62,13,0,11.01,clear sky
398,Leshukonskoye,RU,64.8989,45.7622,75.9,45,93,4.47,overcast clouds
399,Gat,IL,31.61,34.7642,83.39,100,0,4.43,clear sky
400,Karabuk,TR,41.2049,32.6277,65.7,61,0,2.64,clear sky
401,Ambilobe,MG,-13.2,49.05,75.24,59,81,5.19,broken clouds
402,Norman Wells,CA,65.282,-126.8329,77.04,29,75,8.05,broken clouds
403,Pangnirtung,CA,66.1451,-65.7125,50.4,60,100,3.53,overcast clouds
404,Xuanhua,CN,40.6103,115.0447,86.34,52,68,2.86,broken clouds
405,Acarau,BR,-2.8856,-40.12,74.46,87,29,9.8,scattered clouds
406,Taoudenni,ML,22.6783,-3.9836,93.65,11,0,3.11,clear sky
407,Hami,CN,42.8,93.45,95.67,10,2,3.8,clear sky
408,Saint George,US,37.1041,-113.5841,90.19,11,0,6.91,clear sky
409,Yeppoon,AU,-23.1333,150.7333,53.38,91,100,7.18,moderate rain
410,Makakilo City,US,21.3469,-158.0858,80.92,64,0,23.02,light rain
411,Kuruman,ZA,-27.4524,23.4325,49.14,57,0,9.82,clear sky
412,Lodwar,KE,3.1191,35.5973,76.8,60,40,9.73,scattered clouds
413,Skegness,GB,53.1436,0.3363,56.57,83,51,10.49,broken clouds
414,Kieta,PG,-6.2167,155.6333,84.72,67,94,6.04,overcast clouds
415,Espanola,US,35.9911,-106.0806,71.58,75,100,1.01,overcast clouds
416,Clyde River,CA,70.4692,-68.5914,35.83,93,100,17.27,overcast clouds
417,Praia,CV,14.9215,-23.5087,73.94,78,75,14.97,broken clouds
418,Teya,RU,60.3778,92.6267,67.75,52,79,3.09,broken clouds
419,Maridi,SS,4.9158,29.4742,68.11,89,25,1.7,scattered clouds
420,Garcia Hernandez,PH,9.6144,124.2946,84.85,71,91,5.82,overcast clouds
421,Tomari,RU,47.7658,142.0683,65.68,76,95,3.11,overcast clouds
422,Namibe,AO,-15.1961,12.1522,62.55,71,0,10.07,clear sky
423,Faya,SA,18.3851,42.4509,68.52,31,3,6.24,clear sky
424,Zatoka,UA,46.0725,30.4654,75.69,49,2,2.93,clear sky
425,Ballina,AU,-28.8667,153.5667,53.02,99,100,10.74,light rain
426,Maruko,JP,36.3167,138.2667,76.24,90,100,2.42,light rain
427,Mindif,CM,10.3976,14.4363,77.04,71,54,7.38,broken clouds
428,Tateyama,JP,34.9833,139.8667,78.1,91,100,19.82,moderate rain
429,Petropavlovsk-Kamchatskiy,RU,53.0452,158.6483,57.79,94,75,11.18,light rain
430,Mitsamiouli,KM,-11.3847,43.2844,70.09,83,20,5.75,few clouds
431,Saint Anthony,US,45.0205,-93.218,76.62,90,0,9.22,smoke
432,Russell,US,32.3502,-85.1999,76.91,94,0,0.0,clear sky
433,Mezobereny,HU,46.8167,21.0333,75.45,40,8,2.06,clear sky
434,Meiktila,MM,20.8667,95.8667,89.98,54,95,10.96,overcast clouds
435,Manyana,BW,-23.4,21.7167,51.62,52,0,8.77,clear sky
436,Evensk,RU,61.95,159.2333,57.92,71,47,9.71,scattered clouds
437,Ko Samui,TH,9.5357,99.9357,87.71,66,20,4.61,few clouds
438,Qena,EG,26.1615,32.7183,90.48,22,0,2.39,clear sky
439,Yakeshi,CN,49.2833,120.7333,80.73,64,88,6.15,overcast clouds
440,Nalut,LY,30.3333,10.85,77.81,43,0,9.24,clear sky
441,Fayetteville,US,35.0527,-78.8784,77.88,93,75,3.44,mist
442,Lahij,YE,13.1667,44.5833,92.52,32,96,2.01,overcast clouds
443,Jalu,LY,29.0331,21.5482,78.37,27,0,6.93,clear sky
444,Metaxades,GR,41.4204,26.225,71.71,39,0,6.11,clear sky
445,Krasnoarmeysk,RU,51.0239,45.6969,61.39,70,6,12.57,clear sky
446,Qui Nhon,VN,13.7667,109.2333,95.14,49,72,9.8,broken clouds
447,Lexington,US,37.9887,-84.4777,81.72,75,0,4.61,clear sky
448,Emirdag,TR,39.0197,31.15,65.91,44,0,3.36,clear sky
449,Olovyannaya,RU,50.95,115.5667,81.09,36,43,11.7,scattered clouds
450,Bulaevo,KZ,54.9056,70.4439,53.35,94,100,19.33,light rain
451,Calamar,CO,10.2511,-74.9146,77.4,93,100,4.41,overcast clouds
452,Sioux Lookout,CA,50.1001,-91.917,62.67,94,100,3.44,overcast clouds
453,Miri,MY,4.4148,114.0089,89.74,70,40,3.44,scattered clouds
454,Kushiro,JP,42.975,144.3747,68.95,88,75,3.44,broken clouds
455,Dakar,SN,14.6937,-17.4441,77.88,86,99,1.34,light rain
456,Burley,US,42.5357,-113.7928,67.3,56,0,6.91,clear sky
457,Kampot,KH,10.6167,104.1833,87.85,68,65,11.99,broken clouds
458,Helena,US,46.5927,-112.0361,59.99,88,66,1.99,broken clouds
459,Hargeysa,SO,9.56,44.065,70.93,55,43,28.01,scattered clouds
460,Lucea,JM,18.451,-78.1736,80.46,82,59,11.56,broken clouds
461,Nichinan,JP,31.6,131.3667,85.68,78,100,12.37,overcast clouds
462,Verkhnevilyuysk,RU,63.4453,120.3167,66.83,71,100,2.28,overcast clouds
463,Pedernales,DO,18.0384,-71.744,80.73,66,10,3.49,clear sky
464,Navalgund,IN,15.5667,75.3667,74.3,86,100,18.57,overcast clouds
465,Kropachevo,RU,55.0112,57.9896,50.76,77,98,10.89,overcast clouds
466,Maniitsoq,GL,65.4167,-52.9,42.24,97,100,12.26,light rain
467,Santo Nino,PH,6.435,124.6975,87.8,63,76,2.68,broken clouds
468,San Vicente,AR,-26.6167,-54.1333,61.43,73,100,3.89,overcast clouds
469,Qasigiannguit,GL,68.8193,-51.1922,38.82,74,87,8.37,overcast clouds
470,Bal-Os,PH,9.4416,122.6257,82.06,79,84,5.73,broken clouds
471,Santa Maria,BR,-29.6842,-53.8069,64.54,84,88,5.17,overcast clouds
472,Khoni,GE,42.3226,42.4206,68.99,78,0,2.3,clear sky
473,Cockburn Town,TC,21.4612,-71.1419,81.25,83,24,19.51,few clouds
474,Ahuimanu,US,21.4447,-157.8378,79.75,74,20,14.97,few clouds
475,Bo Phloi,TH,14.3236,99.5161,88.03,63,100,12.26,overcast clouds
476,Buraydah,SA,26.326,43.975,84.65,12,86,8.97,overcast clouds
477,Barcelona,ES,41.3888,2.159,76.53,70,20,8.05,light rain
478,Byron Bay,AU,-28.65,153.6167,52.95,97,100,11.25,light rain
479,Longyearbyen,SJ,78.2186,15.6401,40.84,100,75,2.3,broken clouds
480,Bowen,AU,-20.0167,148.2333,56.28,92,100,6.96,moderate rain
481,Guarapari,BR,-20.6667,-40.4975,67.89,84,9,6.17,clear sky
482,Cheyenne,US,41.14,-104.8203,69.94,58,0,4.0,clear sky
483,Viedma,AR,-40.8135,-62.9967,41.77,48,32,13.4,scattered clouds
484,Wewak,PG,-3.5534,143.6268,85.1,67,58,6.2,broken clouds
485,Kirs,RU,59.3388,52.2447,63.05,53,96,5.32,overcast clouds
486,Ketchikan,US,55.3422,-131.6461,58.89,94,83,5.59,broken clouds
487,Neiafu,TO,-18.65,-173.9833,75.88,78,75,11.5,broken clouds
488,Ust-Nera,RU,64.5667,143.2,85.1,38,97,13.94,overcast clouds
489,Yershov,RU,51.3513,48.2766,61.63,60,4,17.45,clear sky
490,Puerto Carreno,CO,6.189,-67.4859,74.55,95,66,3.29,broken clouds
491,Sape,BR,-7.0964,-35.2328,74.57,96,64,8.32,broken clouds
492,Bonavista,CA,48.6499,-53.1147,52.05,80,28,11.97,scattered clouds
493,Itaituba,BR,-4.2761,-55.9836,73.15,93,86,1.81,overcast clouds
494,Isiro,CD,2.7739,27.616,65.05,97,32,0.83,light rain
495,Dinghai,CN,26.2847,119.7936,85.12,84,100,22.75,overcast clouds
496,Zhigansk,RU,66.7697,123.3711,56.71,55,98,16.02,overcast clouds
497,Naryan-Mar,RU,67.6713,53.087,62.44,60,82,9.69,broken clouds
498,Ajdabiya,LY,30.7554,20.2263,75.65,46,0,6.98,clear sky
499,Tambopata,PE,-12.7333,-69.1833,73.38,70,100,1.03,overcast clouds
500,Chapais,CA,49.7834,-74.8492,56.98,88,55,4.34,broken clouds
501,Qaqortoq,GL,60.7167,-46.0333,44.83,89,99,3.69,overcast clouds
502,Alice Springs,AU,-23.7,133.8833,56.75,30,0,10.36,clear sky
503,Kysyl-Syr,RU,63.8986,122.7617,67.24,74,100,1.88,overcast clouds
504,Konstantinovka,RU,49.6167,127.9833,86.43,59,78,4.12,light rain
505,Navrongo,GH,10.8956,-1.0921,74.88,82,84,5.57,light rain
506,Vilhena,BR,-12.7406,-60.1458,67.37,65,32,2.8,scattered clouds
507,Tukrah,LY,32.5341,20.5791,77.34,61,0,3.83,clear sky
508,Hanstholm,DK,57.1167,8.6167,57.15,77,89,19.82,overcast clouds
509,Okha,RU,53.5739,142.9478,70.2,63,58,13.27,broken clouds
510,Omsukchan,RU,62.5333,155.8,70.23,41,91,9.91,overcast clouds
511,Luau,AO,-10.7073,22.2247,54.68,58,11,4.52,few clouds
512,Burnie,AU,-41.0667,145.9167,57.94,49,31,1.1,scattered clouds
513,Myitkyina,MM,25.3833,97.4,87.26,73,91,2.71,overcast clouds
514,Olafsvik,IS,64.8945,-23.7142,48.81,76,93,5.84,overcast clouds
515,Kuryk,KZ,43.2,51.65,74.39,57,52,16.6,broken clouds
516,Tautira,PF,-17.7333,-149.15,77.85,80,57,16.35,light rain
517,Mengen,DE,48.0495,9.3301,63.55,91,96,1.19,overcast clouds
518,Saint-Augustin,CA,51.226,-58.6502,50.61,69,24,14.83,few clouds
519,Yashalta,RU,46.3395,42.2762,79.57,42,0,4.81,clear sky
520,Isoka,ZM,-10.1606,32.6335,52.14,81,3,1.14,clear sky
521,Boende,CD,-0.2167,20.8667,69.73,92,75,1.34,broken clouds
522,Awbari,LY,26.5921,12.7805,78.46,25,0,6.24,clear sky
523,Acapulco,MX,16.8634,-99.8901,78.62,89,100,9.22,overcast clouds
524,Kizema,RU,61.113,44.8302,69.93,46,7,4.59,clear sky
525,Berlevag,NO,70.8578,29.0864,57.0,87,40,17.27,scattered clouds
526,Hamilton,US,39.1834,-84.5333,79.88,69,62,3.0,broken clouds
527,Isangel,VU,-19.55,169.2667,80.71,74,40,14.97,scattered clouds
528,Kindu,CD,-2.95,25.95,67.24,56,85,3.09,overcast clouds
529,Malino,PH,15.1257,120.6727,92.62,62,75,2.3,haze
530,Mbanza-Ngungu,CD,-5.25,14.8667,58.42,91,0,4.09,clear sky
531,Tonantins,BR,-2.8731,-67.8022,71.76,99,100,0.29,overcast clouds
532,Hecun,CN,36.5333,114.1111,83.35,70,100,8.59,light rain
533,Mount Isa,AU,-20.7333,139.5,65.97,42,0,12.66,clear sky
534,Batagay-Alyta,RU,67.8006,130.4114,68.54,35,100,20.92,overcast clouds
535,Alcaniz,ES,41.05,-0.1333,67.28,65,2,3.85,clear sky
536,San Angelo,US,31.4638,-100.437,87.55,43,3,5.01,clear sky
537,Gagnoa,CI,6.1293,-5.9437,67.3,99,74,2.24,broken clouds
538,Yagodnoye,RU,62.55,149.6667,86.29,30,65,15.17,broken clouds
539,Bontang,ID,0.1333,117.5,83.14,74,100,6.17,overcast clouds
540,Kavaratti,IN,10.5669,72.642,82.51,79,99,23.78,overcast clouds
541,Warmbad,NA,-28.45,18.7333,51.73,53,100,13.58,overcast clouds
542,Hudson Bay,CA,52.85,-102.3842,54.07,83,100,4.25,overcast clouds
543,Nome,US,64.5011,-165.4064,50.16,76,100,6.91,overcast clouds
544,Yumen,CN,40.2833,97.2,91.06,9,0,9.93,clear sky
545,Tazovskiy,RU,67.4667,78.7,53.64,52,34,7.47,scattered clouds
546,Putina,PE,-15.4667,-69.4333,42.73,69,87,1.23,overcast clouds
547,Esso,RU,55.9333,158.7,61.27,60,93,1.92,overcast clouds
548,Veraval,IN,20.9,70.3667,82.4,87,100,17.18,light rain
549,Vao,NC,-22.6667,167.4833,74.5,78,100,18.68,overcast clouds
550,Sfantu Gheorghe,RO,45.8667,25.7833,73.27,69,0,1.88,clear sky
551,Bikaner,IN,28.0167,73.3,96.01,46,8,1.92,clear sky
552,Coihaique,CL,-45.5752,-72.0662,33.75,93,75,4.61,mist
553,Kiruna,SE,67.8557,20.2251,56.32,88,40,12.66,scattered clouds
554,Boundiali,CI,9.5217,-6.4869,68.56,93,81,5.03,broken clouds
555,Gizo,SB,-8.103,156.8419,84.99,69,80,6.24,broken clouds
556,Belaya Gora,RU,68.5333,146.4167,84.56,39,99,7.99,overcast clouds
557,La Rioja,ES,42.25,-2.5,53.38,94,0,3.74,clear sky
558,Paraiso,CR,9.8383,-83.8656,65.41,97,98,0.56,overcast clouds
559,Gangapur,IN,26.4833,76.7167,97.66,41,45,11.74,scattered clouds
560,Ayan,RU,56.45,138.1667,63.64,78,14,7.09,few clouds
561,Sulzbach-Rosenberg,DE,49.4983,11.7517,61.88,63,60,2.39,broken clouds
562,Owando,CG,-0.4819,15.8999,70.43,85,48,3.29,scattered clouds
563,Imbituba,BR,-28.24,-48.6703,67.86,99,0,5.88,clear sky
564,Watertown,US,42.3709,-71.1828,70.07,68,98,3.76,overcast clouds
565,Sudbury,CA,46.49,-80.99,59.97,88,100,1.97,light rain
566,San Rafael,AR,-34.6177,-68.3301,42.24,35,0,3.06,clear sky
567,Klaksvik,FO,62.2266,-6.589,50.92,76,53,17.05,broken clouds
568,Nakhon Nayok,TH,14.1667,101.1,89.98,76,100,6.46,moderate rain
569,Sorland,NO,67.667,12.6934,55.26,93,100,10.04,overcast clouds
570,Jacareacanga,BR,-6.2222,-57.7528,71.92,88,3,1.77,clear sky
571,Plettenberg Bay,ZA,-34.0527,23.3716,54.63,58,18,4.54,few clouds
572,Prado,BR,-17.3411,-39.2208,69.96,87,3,5.3,clear sky
573,Nouadhibou,MR,20.931,-17.0347,69.78,78,21,20.71,few clouds
574,Mercedes,AR,-34.6515,-59.4307,43.39,96,1,5.88,clear sky
575,Zakamensk,RU,50.3741,103.2863,61.27,73,98,1.52,overcast clouds
576,Lianran,CN,24.9227,102.485,72.14,66,97,3.24,overcast clouds
577,Huangchuan,CN,32.1272,115.0394,77.83,95,100,9.22,overcast clouds
578,Boueni,YT,-12.9025,45.0761,76.98,69,23,13.42,few clouds
579,Lumut,MY,4.2323,100.6298,86.02,70,20,5.75,few clouds
580,Chara,RU,56.9064,118.2631,67.55,88,100,4.92,moderate rain
581,Winslow,US,35.0242,-110.6974,80.78,39,20,6.91,few clouds
582,Half Moon Bay,US,37.4636,-122.4286,69.8,85,100,10.36,mist
583,Doha,QA,25.2867,51.5333,94.98,38,57,4.61,broken clouds
584,Ust-Maya,RU,60.4167,134.5333,94.84,31,3,3.31,clear sky
585,Voznesenskaya,RU,44.5527,41.0318,72.01,49,12,4.72,few clouds
586,Kasongo-Lunda,CD,-6.4667,16.8167,60.93,45,3,1.52,clear sky
587,Mitu,CO,1.1983,-70.1733,71.31,99,99,2.08,overcast clouds
588,Borogontsy,RU,62.6683,131.1683,89.29,36,25,4.32,scattered clouds
589,Godda,IN,24.8333,87.2167,96.06,48,38,9.22,scattered clouds
590,Roald,NO,62.5833,6.1333,57.16,76,75,3.44,broken clouds
591,Harbour Breton,CA,47.4833,-55.7983,53.58,88,0,11.95,clear sky
592,Neman,RU,55.0311,22.0264,60.48,90,3,7.09,clear sky
593,Tabora,TZ,-5.0167,32.8,58.78,67,0,6.91,clear sky
594,Ciudad Bolivar,VE,8.1222,-63.5497,77.22,83,43,9.95,scattered clouds
595,Piacabucu,BR,-10.4056,-36.4344,73.42,85,86,11.77,overcast clouds
596,Colares,PT,38.7992,-9.4469,65.34,80,27,13.0,scattered clouds
597,Mililani Town,US,21.45,-158.0011,77.9,72,76,1.01,broken clouds
598,Eldorado,BR,-23.7869,-54.2836,62.82,58,100,6.31,overcast clouds
599,Celendin,PE,-6.8703,-78.1517,47.53,87,26,1.97,scattered clouds
600,Mareeba,AU,-17.0,145.4333,63.45,95,97,2.17,light rain
601,Omaruru,NA,-21.4333,15.9333,52.83,55,0,3.87,clear sky
602,Senanga,ZM,-16.1167,23.2667,54.0,62,30,6.44,scattered clouds
603,Nyurba,RU,63.2842,118.3319,70.0,59,100,5.53,overcast clouds
604,Bereda,ES,43.2686,-7.5406,61.41,100,100,7.09,overcast clouds
605,Toma,BF,12.7667,-2.8833,78.76,70,90,14.16,overcast clouds
606,Ridgecrest,US,35.6225,-117.6709,82.26,25,0,21.85,clear sky
607,Mindelo,CV,16.8901,-24.9804,72.95,78,20,13.8,few clouds
608,Ouro Preto Do Oeste,BR,-10.7481,-62.2158,76.3,56,35,2.62,scattered clouds
609,Aquiraz,BR,-3.9014,-38.3911,77.09,90,33,10.6,scattered clouds
610,Bukama,CD,-9.2,25.85,64.42,49,3,3.2,clear sky
611,Dwarka,IN,22.2394,68.9678,85.78,78,39,18.01,scattered clouds
612,Gamba,GA,-2.65,10.0,68.34,92,25,5.23,scattered clouds
613,Mozarlandia,BR,-14.7447,-50.5706,66.16,37,0,5.59,clear sky
614,Ozu,JP,33.5,132.55,82.02,97,100,2.98,light rain
615,Santa Rosa,PH,14.3122,121.1114,89.58,70,79,4.47,moderate rain
616,Manokwari,ID,-0.8667,134.0833,83.08,70,72,5.21,broken clouds
617,Desa,RO,43.8667,23.0333,78.01,47,6,1.79,clear sky
618,Alyangula,AU,-13.8483,136.4192,70.54,52,8,17.2,clear sky
619,Sivas,TR,39.7916,37.0019,55.27,56,0,3.09,clear sky
620,De Aar,ZA,-30.6497,24.0123,51.28,54,91,11.74,overcast clouds
621,Grindavik,IS,63.8424,-22.4338,48.15,93,100,10.36,light intensity drizzle
622,Kalabo,ZM,-14.97,22.6814,55.69,57,62,6.26,broken clouds
623,Swan Hill,AU,-35.3378,143.5544,59.88,45,0,6.64,clear sky
624,Kutum,SD,14.2,24.6667,75.7,58,96,5.37,overcast clouds
625,Arrifes,PT,37.7667,-25.7,65.23,72,75,8.05,broken clouds
626,La Palma,US,33.8464,-118.0467,71.92,78,0,4.61,clear sky
627,Ponta Delgada,PT,37.7333,-25.6667,67.5,72,75,8.05,broken clouds
628,General Roca,AR,-39.0333,-67.5833,46.62,39,40,18.75,light rain
629,Kyzyl-Suu,KG,42.3414,78.0056,71.17,53,0,7.78,clear sky
630,Salalah,OM,17.0151,54.0924,79.07,87,99,9.24,overcast clouds
631,Sakakah,SA,29.9697,40.2064,83.77,24,0,15.75,clear sky
632,San Carlos,VE,9.6612,-68.5827,71.49,96,100,2.46,overcast clouds
633,Shaoyang,CN,27.2315,111.4525,88.05,67,76,4.63,broken clouds
634,Manzanillo,CU,20.3433,-77.1167,75.58,89,100,2.64,overcast clouds
635,Bahia De Caraquez,EC,-0.6,-80.4167,71.78,86,100,8.03,overcast clouds
636,Adrar,MR,20.5022,-10.0711,90.72,18,11,6.49,few clouds
637,Muisne,EC,0.6,-80.0333,73.11,88,100,11.45,overcast clouds
638,Tower,IE,51.9167,-8.6,58.05,88,75,10.36,broken clouds
639,Yarmouth,US,41.7057,-70.2286,70.0,70,100,1.01,overcast clouds
640,Novyy Urgal,RU,51.0736,132.5642,87.12,45,26,4.36,scattered clouds
641,Susanville,US,40.4163,-120.653,64.24,53,20,4.0,few clouds
642,Lubana,LV,56.9,26.7167,64.47,83,4,5.66,clear sky
643,Sumenep,ID,-7.0167,113.8667,86.05,69,85,10.89,overcast clouds
644,Valdivia,CL,-39.8142,-73.2459,50.09,94,100,10.8,light rain
645,Mondovi,IT,44.396,7.8176,72.79,89,0,2.55,clear sky
646,Visby,SE,57.6409,18.296,61.05,77,40,17.27,scattered clouds
647,Huarmey,PE,-10.0681,-78.1522,61.59,87,48,6.67,scattered clouds
648,Pontes E Lacerda,BR,-15.2261,-59.3353,70.48,60,82,2.51,broken clouds
649,Mandurah,AU,-32.55,115.7,55.9,85,100,10.11,light rain
650,Dzaoudzi,YT,-12.7887,45.2699,76.89,78,0,12.66,clear sky
651,Ambon,ID,-3.6954,128.1814,81.23,13,40,5.75,light rain
652,Iquitos,PE,-3.7481,-73.2472,73.44,100,75,3.44,broken clouds
653,Athabasca,CA,54.7169,-113.2854,59.41,93,100,6.17,overcast clouds
654,Madhubani,IN,26.3667,86.0833,95.34,51,21,11.01,few clouds
655,Pringsewu,ID,-5.3582,104.9744,89.4,56,29,4.07,scattered clouds
656,Dragoman,BG,42.9189,22.9317,67.91,57,0,2.44,clear sky
657,Santa Isabel Do Rio Negro,BR,-0.4139,-65.0192,71.13,99,72,2.15,broken clouds
658,Pipirig,RO,47.25,26.0667,75.69,63,33,1.03,scattered clouds
659,Maraba,BR,-5.3686,-49.1178,75.38,94,40,1.14,scattered clouds
660,Udachnyy,RU,66.4167,112.4,70.45,49,36,6.87,scattered clouds
661,Esna,EG,25.2934,32.554,84.22,21,0,3.71,clear sky
662,Hovd,MN,48.0056,91.6419,71.69,22,100,4.14,overcast clouds
663,The Valley,AI,18.217,-63.0578,81.1,77,44,18.48,scattered clouds
664,Sapa,PH,5.1544,120.3241,83.25,75,100,1.86,overcast clouds
665,Zdvinsk,RU,54.7021,78.661,68.43,65,100,19.71,overcast clouds
666,Porto Murtinho,BR,-21.6989,-57.8825,74.53,45,76,6.76,broken clouds
667,Chamba,IN,32.5667,76.1333,84.6,77,92,5.35,overcast clouds
668,Moron,AR,-34.6534,-58.6198,52.97,95,26,4.59,scattered clouds
669,Losevo,RU,50.6767,40.045,70.39,61,1,4.56,clear sky
670,Bubaque,GW,11.2833,-15.8333,79.99,79,85,9.86,light rain
671,Floro,NO,61.5996,5.0328,53.24,93,75,8.05,shower rain
672,Puerto Madero,MX,14.7208,-92.4215,79.95,82,97,2.89,overcast clouds
673,Fare,PF,-16.7,-151.0167,79.29,74,39,11.83,scattered clouds
674,Batagay,RU,67.6333,134.6333,81.19,26,98,17.29,overcast clouds
675,Kyakhta,RU,50.3508,106.4494,65.01,55,100,7.38,light rain
676,Volksrust,ZA,-27.3654,29.8818,41.41,71,0,2.57,clear sky
677,Sinegorye,RU,62.0788,150.477,83.82,35,58,9.71,broken clouds
678,Sibolga,ID,1.7427,98.7792,88.56,50,96,2.3,overcast clouds
679,Mogadishu,SO,2.0371,45.3438,77.52,79,99,19.64,overcast clouds
680,Sikeston,US,36.8767,-89.5879,82.9,74,0,0.0,clear sky
681,Taksimo,RU,56.3444,114.8794,65.41,98,100,3.18,moderate rain
682,Galveston,US,29.3669,-94.9669,84.06,89,93,1.01,overcast clouds
683,Wadi,IN,17.0667,76.9833,80.67,73,100,13.82,overcast clouds
684,Chivay,PE,-15.6383,-71.6011,45.52,41,95,1.63,overcast clouds
685,Labrea,BR,-7.2586,-64.7981,73.67,78,58,2.71,broken clouds
686,Nayoro,JP,44.3506,142.4578,77.43,81,48,2.55,scattered clouds
687,Fukagawa,JP,43.7081,142.0392,80.65,79,40,4.34,scattered clouds
688,Chkalovsk,RU,56.7647,43.2433,62.47,70,67,5.26,broken clouds
689,Amurzet,RU,47.6967,131.0981,83.46,63,70,4.45,broken clouds
690,Sinnamary,GF,5.3833,-52.95,75.85,89,99,6.82,overcast clouds
691,Wuhan,CN,30.5833,114.2667,84.29,86,100,8.9,light rain
692,Ambulu,ID,-8.345,113.6058,84.92,74,93,7.49,overcast clouds
693,Praia Da Vitoria,PT,38.7333,-27.0667,64.65,72,75,8.34,broken clouds
694,Pasighat,IN,28.0667,95.3333,91.49,64,8,4.36,clear sky
695,Pitimbu,BR,-7.4706,-34.8086,75.79,81,22,14.74,few clouds
